reading,pitch,roll,yaw (compass),cardinal direction,accel x,accel y,accel z,gyro x,gyro y,gyro z,mag x, mag y, mag z
1,0.9125977,0.252097,336.8653,NW,0.2298434,1.616086,-10.28549,0.03530629,0.04369987,-0.05955439,-1.919215,4.491991,-4.696756
2,0.1528244,0.4094625,337.4959,N,0.2035071,1.580173,-10.40999,0.02464779,0.06648242,-0.06395102,-2.526911,6.099267,-6.145586
3,-0.5259705,0.6363794,337.8049,N,0.1604115,1.532289,-10.32619,0.005862177,0.0676815,-0.07301075,-3.013067,7.385087,-7.30465
4,-2.083679,0.4522505,335.6793,NW,0.1939303,1.434127,-10.33816,-0.0285115,0.02105054,-0.03983616,-3.771719,8.345407,-7.734365
5,-1.762009,0.906876,334.3381,NW,0.1101333,1.448492,-10.24479,-0.0327749,0.02464779,-0.02158347,-4.37864,9.113665,-8.078137
6,-2.659752,0.1303315,334.0717,NW,0.248997,1.386243,-10.19451,-0.02518072,0.040902,-0.05475807,-4.729731,9.72827,-7.955124
7,-2.08474,1.141316,333.8824,NW,0.06703765,1.419762,-10.13226,-0.03477337,0.02344871,-0.03344105,-5.010603,10.21995,-7.856713
8,-2.854958,1.516727,333.3512,NW,0.0,1.371878,-10.17296,-0.03424044,0.01612099,-0.04356663,-5.268913,10.49941,-8.474537
9,-0.5821228,1.099375,332.9494,NW,0.07661445,1.534683,-10.4052,-0.07953908,-0.02957735,0.004796327,-5.475561,10.72297,-8.968796
10,5.96389,1.075014,332.649,NW,0.08619126,1.963245,-11.00615,-0.1961165,-0.002398163,0.02198316,-5.674491,10.97016,-8.468636
11,2.785202,0.03882885,332.4194,NW,0.2992752,1.819593,-11.45625,-0.4411288,0.146288,0.02211639,-5.833635,11.16791,-8.068507
12,4.921799,0.9815302,331.9764,NW,0.1101333,1.958457,-11.62624,-0.7706098,0.1990476,-0.03783769,-6.028172,11.3261,-7.94742
13,24.37264,-1.812685,328.1194,NW,0.6919243,2.983175,-11.51372,-2.024849,0.09739207,-0.01572129,-7.024089,11.29321,-8.149073
14,44.9632,-1.345836,325.2339,NW,0.5530606,4.07972,-10.2807,-2.50315,0.1087167,-0.1215069,-7.820823,11.2669,-8.310395
15,58.94102,-1.099008,316.5197,NW,0.4644751,5.224148,-8.722076,-2.78107,-0.1203079,-0.1500184,-10.64296,11.22307,-7.344869
16,67.73506,2.632784,310.9332,NW,-0.1915361,6.746861,-7.151481,-2.975321,-0.2362191,-0.0459648,-12.90066,11.188,-6.572448
17,71.77878,1.409663,303.1648,NW,0.01675941,7.539341,-4.857835,-2.803986,-0.305899,0.1821272,-16.58907,10.84105,-2.173225
18,74.59032,-0.3134773,298.3963,NW,0.2920926,8.717288,-2.750938,-2.51101,-0.09126345,0.1842589,-19.53979,10.56348,1.346153
19,75.79569,0.9050268,291.8554,W,0.09576806,8.889671,-1.197101,-2.117445,0.1429572,0.4051564,-23.68178,9.498615,9.236544
20,76.56725,-1.87298,284.9937,W,0.5243302,8.851364,-0.1316811,-1.972889,0.4135499,0.6179267,-27.0962,7.25721,21.61882
21,77.55148,-6.123328,280.3808,W,1.151611,8.511387,1.122881,-1.939714,0.263798,0.712521,-29.82775,5.464086,31.52464
22,78.65651,-10.29373,274.9913,W,1.819593,8.355764,2.430115,-1.777306,-0.02438133,0.6299176,-32.31548,2.822307,43.92714
23,79.79179,-10.4635,271.1838,W,1.958457,8.389283,3.847482,-1.380143,-0.01878561,0.4692406,-34.30567,0.7088839,53.84914
24,81.00971,-17.54997,266.4077,W,3.160346,7.850587,4.687847,-0.6016726,0.01585452,0.1981149,-35.59531,-2.234691,64.07541
25,81.78792,-17.10508,262.1273,W,3.078943,7.560889,5.130774,-0.5333248,-0.01838592,0.0791394,-36.15647,-4.999571,74.64461
26,83.77586,-13.98702,258.8551,W,2.60968,7.058106,6.220136,-0.3035009,0.2017122,-0.1067183,-36.6054,-7.211475,83.09997
27,84.72575,-12.65545,255.8495,W,2.384625,6.799533,6.55293,0.1545483,0.0612864,-0.008260341,-36.79648,-9.277123,90.3618
28,82.89825,-13.11499,253.7914,W,2.466028,7.359776,5.920861,0.4612468,-0.06421748,-0.01598775,-37.28546,-10.83853,96.17126
29,82.20412,-13.72766,252.2124,W,2.60968,7.678205,5.722142,0.8718656,-0.1810613,-0.3783769,-37.67665,-12.08765,100.8188
30,80.96189,-12.37485,251.4368,W,2.387019,8.212111,5.070919,1.391201,-0.1389602,-0.4240752,-38.35932,-12.88194,102.2482
31,79.29878,-11.32948,250.8406,W,1.975216,8.11395,3.031059,1.977152,-0.1340307,-0.6734842,-38.90546,-13.51737,103.3917
32,77.66347,-7.198791,251.7406,W,1.347936,8.693346,1.319205,2.267197,-0.1075177,-0.8023189,-39.61126,-13.069,99.53015
33,76.12434,-4.648941,254.7092,W,0.914585,8.439561,-0.6703765,2.497421,-0.05382545,-0.7939253,-40.07507,-10.95634,90.96799
34,73.22166,3.210128,258.8996,W,-0.2633622,8.02297,-3.871424,2.645307,0.06834765,-0.6708196,-39.10166,-7.671684,78.1478
35,65.12817,3.058799,264.0141,W,-0.2561796,6.01184,-7.376535,2.810114,0.1793293,-0.4587153,-36.37346,-3.813904,62.91627
36,59.57275,4.827172,268.7808,W,-0.5650316,5.188235,-8.276755,2.674352,0.1937183,-0.4104856,-34.19091,-0.7276793,50.73104
37,52.29463,4.214296,273.0721,W,-0.4596867,4.386178,-8.714894,2.451855,-0.05715622,-0.2374182,-32.44486,1.7413,40.98287
38,31.69646,6.440583,277.9849,W,-0.8619126,3.086126,-9.516952,2.217502,-0.1231057,-0.2602007,-28.93051,4.058167,31.29368
39,-6.409019,4.485513,282.7532,W,-0.5793968,1.161188,-11.11149,2.086668,-0.169337,-0.2809848,-26.11902,5.91166,23.54233
40,-12.16434,8.801267,289.0654,W,-1.364695,0.4572925,-10.66617,1.997803,-0.08007201,-0.2220966,-22.05481,7.622243,16.74421
41,-14.48835,5.653937,295.5544,NW,-0.8044518,-0.4692635,-11.11149,1.726944,0.03090966,-0.1454886,-18.80345,8.990709,11.3057
42,-17.80335,4.544312,304.4162,NW,-0.6368576,-0.9672575,-12.00213,1.300337,0.1950506,-0.1538821,-14.45456,9.903252,7.352935
43,-27.62772,5.281152,314.0928,NW,-0.806846,-1.757344,-12.13621,0.7345041,0.2608669,-0.05102758,-10.97545,10.63329,4.19072
44,-34.68429,4.47314,326.6503,NW,-0.6129156,-2.135628,-11.67413,0.4070216,0.1634748,-0.1156448,-7.217424,10.96675,2.755529
45,-39.16983,4.547796,339.4509,N,-0.6248866,-2.365471,-11.5616,0.1521501,0.01092497,0.03330782,-4.211007,11.23351,1.607377
46,-30.39397,3.750328,351.4441,N,-0.4596867,-1.889025,-11.63343,-0.4544519,-0.08020524,0.001199082,-1.705039,11.33303,0.1913177
47,-29.41973,4.637938,0.4884186,N,-0.6560113,-1.850718,-11.88721,-0.90091,0.01851915,0.05982085,0.09806622,11.50376,-0.145469
48,-22.57327,4.968178,7.53904,N,-0.7086837,-1.376666,-11.66934,-1.356961,0.008793266,0.05928793,1.54055,11.64035,-0.4148983
49,-14.92101,4.72911,9.201912,N,-0.6584055,-0.5674258,-11.71722,-1.85458,0.1625422,0.2200981,1.955087,12.06852,-1.426503
50,-11.93078,3.332917,2.945427,N,-0.3663129,0.5315128,-11.54005,-2.305701,0.1701364,0.2194319,0.6397533,12.43384,-3.927417
51,13.59655,3.780567,358.1434,N,-0.4357447,2.339135,-10.77151,-2.666358,0.2484764,0.03157582,-0.4125133,12.72609,-5.928149
52,44.04123,6.349691,344.5586,N,-0.8738836,3.86903,-9.583989,-2.739768,0.09446098,0.192386,-3.573518,12.93712,-6.633164
53,58.59946,3.484624,335.0326,NW,-0.3375824,5.078102,-8.41083,-2.592415,0.08966466,0.2869802,-6.102321,13.10593,-7.197177
54,68.34048,2.171186,321.2012,NW,-0.1101333,6.823475,-6.811504,-2.498486,0.2294243,0.2558041,-10.04122,12.48929,-5.757741
55,71.43341,1.000884,312.2807,NW,0.08379706,7.630321,-5.329493,-2.497554,0.300703,0.3970293,-13.19233,11.99597,-4.606193
56,73.28142,-1.963821,301.4919,NW,0.5434838,8.066066,-3.845088,-2.556842,0.3866372,0.4731043,-17.56186,10.7585,0.1958404
57,75.88172,-10.56332,291.2788,W,1.78368,8.281544,-0.9361328,-2.897781,0.3461349,0.432602,-22.09943,8.6068,10.30645
58,78.63286,-9.003382,280.4565,W,1.431733,7.467515,1.917756,-2.881793,0.4048899,0.4415285,-26.20005,4.835344,24.36539
59,81.41507,-12.56337,273.5292,W,2.061408,7.082048,4.1707,-2.584287,0.3264167,0.2450124,-29.48055,1.818179,35.61254
60,87.70407,-14.07913,266.5919,W,2.446874,5.801151,6.572083,-2.119177,0.261533,0.1851915,-31.80244,-1.893948,51.07826
61,93.77471,-9.792492,261.778,W,2.001553,5.257667,8.516175,-1.316192,0.3673187,-0.017853,-33.65996,-4.863649,63.45083
62,96.50105,-8.009974,256.9851,W,1.73819,5.011064,9.064447,-0.3394734,0.1293676,0.06888058,-34.47374,-7.968334,77.13017
63,92.59516,-8.152826,252.5733,W,1.704672,5.425261,8.406042,0.2498087,-0.09765854,-0.02877796,-34.82226,-10.93044,89.16823
64,89.05025,-10.92998,249.2478,W,2.116474,5.872977,7.580042,0.5919466,-0.1485529,-0.08007201,-35.10108,-13.30012,98.79868
65,87.2072,-9.400612,247.0905,W,1.900996,6.359,7.529764,1.156048,-0.05662331,-0.1810613,-35.5258,-15.01364,104.5129
66,83.6682,-9.389421,245.4477,SW,1.836353,7.156269,6.294356,1.665391,-0.1129801,-0.1835927,-35.86558,-16.38445,109.0842
67,80.78301,-11.16488,245.9794,SW,2.054225,7.927202,4.527435,1.868569,-0.1606769,-0.2242283,-37.07853,-16.52439,109.9551
68,77.47791,-8.290474,247.6062,W,1.410185,8.104373,0.9337386,2.261468,-0.09552684,-0.3809083,-38.385,-15.8163,105.8755
69,76.28229,-5.063204,250.5985,W,0.9217676,7.979874,-0.4237737,2.574428,-0.09099697,-0.3777107,-39.16128,-13.79198,96.8403
70,74.08009,-5.481167,252.987,W,0.9672575,7.467515,-2.516306,2.955337,-0.1073844,-0.3627888,-39.78231,-12.17253,89.61216
71,71.45569,-2.618652,256.5549,W,0.6081272,7.070077,-4.556166,3.234856,-0.1216402,-0.3248179,-39.3044,-9.396338,77.36166
72,66.85182,-1.546515,259.5546,W,0.4788404,6.136339,-6.512228,3.240718,-0.2118377,0.03917,-38.92207,-7.175387,67.56126
73,62.53573,-4.275471,263.3785,W,1.058237,5.856217,-8.633492,2.95094,-0.403824,-0.2835162,-36.49868,-4.236905,54.84507
74,52.96154,-0.6798382,266.8761,W,0.4046201,4.644751,-9.471462,2.591615,-0.5434505,-0.5258639,-34.55997,-1.886119,44.67212
75,44.03172,5.174512,271.6848,W,-0.6823475,3.936068,-9.921572,2.340075,-0.5048134,-0.3610568,-30.79065,0.9056629,33.34952
76,17.79361,4.054579,276.4481,W,-0.4788404,2.5187,-10.50576,2.256272,-0.3304136,-0.1795958,-27.77519,3.139089,24.29143
77,-4.529343,2.477495,282.6967,W,-0.1795651,1.283292,-10.63026,2.110517,-0.0851348,-0.2268929,-23.27892,5.244734,16.64693
78,-12.93604,5.924446,289.3952,W,-0.8619126,0.272939,-11.17853,1.724279,0.01971823,-0.1314993,-19.68189,6.92925,10.53133
79,-31.60626,4.783865,298.5041,NW,-0.6536171,-1.929727,-11.28627,0.7644811,0.03583922,-0.05395867,-15.32537,8.32242,7.031958
80,-31.72336,4.870402,309.7264,NW,-0.6584055,-1.917756,-11.07079,0.555841,-0.05182698,-0.05555745,-10.99987,9.140832,5.327043
81,-31.51538,3.426244,322.4152,NW,-0.3854665,-1.934515,-11.39879,0.3336112,-0.1624089,0.00413017,-7.539465,9.795561,3.963111
82,-39.66986,4.679058,337.2859,N,-0.6536171,-2.394202,-11.58554,0.04716388,-0.09779178,-0.05888824,-4.300582,10.27379,2.871966
83,-41.49377,4.79765,350.8863,N,-0.6871359,-2.504335,-11.72201,-0.2737903,-0.07314398,-0.03037673,-1.709476,10.65637,1.99905
84,-33.33558,5.665685,1.186661,N,-0.866701,-2.06859,-11.7675,-0.6304505,-0.01758653,-0.01585452,0.2289635,11.05355,1.300717
85,-24.6723,6.021151,8.895172,N,-0.9409212,-1.539472,-11.84412,-0.9463419,0.005728946,0.01239051,1.779715,11.37129,0.7420501
86,-16.90461,4.314859,12.80717,N,-0.5722142,-0.8523358,-11.67652,-1.494322,0.1228393,0.05382545,2.684202,11.80772,-0.5009442
87,-13.06544,6.130681,15.65916,N,-0.9361328,0.225055,-11.59751,-2.075344,0.02451456,0.1741333,3.407791,12.15686,-1.49534
88,-2.011841,5.609496,11.02414,N,-0.8212111,1.508347,-11.37725,-2.559107,0.03930323,0.2560706,2.440535,12.52729,-2.688885
89,28.96009,4.166627,357.0925,N,-0.4932055,3.047819,-10.21127,-2.946144,0.1473538,0.2664626,-0.652461,12.84641,-4.738307
90,62.75791,4.559073,335.4498,NW,-0.4860229,5.446809,-7.345411,-3.279488,-0.03690507,0.4342008,-5.849386,12.80558,-2.895078
91,70.34093,2.662401,321.9231,NW,-0.1723825,6.861782,-5.216966,-3.180231,0.1855912,0.5193357,-10.00693,12.77292,-1.420495
92,74.25516,0.6794386,306.7717,NW,0.1173159,7.642292,-2.456451,-3.040871,0.1971823,0.688939,-15.34965,11.47117,4.933565
93,75.7986,-4.014821,297.99,NW,0.806846,8.267179,-1.031901,-2.820507,0.2423477,0.6363127,-19.62382,10.42977,10.01681
94,77.41605,-10.59468,288.8899,W,1.740585,8.066066,0.85473,-2.820107,0.2271594,0.4429941,-24.05151,8.229925,20.05387
95,79.91329,-14.89741,279.3891,W,2.420538,7.551312,3.239355,-2.303436,0.3867705,0.05542422,-27.69449,4.579401,35.34756
96,83.06372,-3.791364,273.1024,W,0.8403648,7.082048,5.626374,-1.541886,0.3430706,0.05768915,-30.60888,1.658982,47.58252
97,85.34163,-8.528355,267.5727,W,1.798046,6.95755,7.390901,-1.350832,-0.02704595,-0.08779943,-32.63788,-1.383497,61.25128
98,86.95526,-5.910949,263.6421,W,1.414973,6.818686,8.444349,-0.7558212,0.103654,-0.01678714,-34.26109,-3.817481,72.18629
99,90.78412,-2.465789,259.5546,W,0.7350199,5.899313,8.755595,0.2231624,0.124438,0.160144,-35.22353,-6.493591,83.12346
100,90.39214,-6.452094,256.1743,W,1.355118,5.667076,7.848193,0.9482071,-0.142291,0.03597245,-35.45571,-8.725595,91.8732
101,80.57875,-7.226187,254.6376,W,1.472434,8.319851,4.738125,1.704295,-0.1859909,-0.1061853,-36.6834,-10.0784,96.58432
102,79.05763,-11.04575,254.7521,W,2.104503,8.856153,3.280056,1.894816,-0.1485529,-0.2175667,-37.93445,-10.3406,95.37784
103,78.01945,-7.265369,254.8385,W,1.376666,8.726865,1.802834,2.09333,0.009326192,-0.2683278,-38.93529,-10.55037,94.41265
104,77.14018,-8.55525,256.3819,W,1.479617,8.310274,0.5746084,2.353797,0.1350965,-0.3758455,-39.63513,-9.602016,89.16266
105,75.71662,-6.332838,257.592,W,1.122881,8.073248,-1.077391,2.602807,0.2248944,-0.4306036,-40.195,-8.843334,84.96267
106,74.31906,0.2843387,258.544,W,0.1723825,7.64708,-2.394202,2.738303,0.1067183,-0.5089436,-40.6429,-8.236388,81.60268
107,72.65809,0.8550068,261.259,W,0.09816227,7.520187,-3.96001,2.818508,-0.05622361,-0.3165576,-39.89204,-6.133533,72.24767
108,70.43334,-0.7445412,263.5366,W,0.3495534,7.024588,-5.386954,2.711923,-0.2693937,-0.2267597,-39.29134,-4.45125,64.76367
109,66.49513,-0.2070514,266.5983,W,0.2801216,6.215348,-6.92882,2.44213,-0.2996372,-0.3619895,-37.29828,-2.217047,52.90552
110,60.51331,2.346261,269.3105,W,-0.1412579,5.315128,-8.180987,2.238419,-0.2186326,-0.2398163,-35.70382,-0.429685,43.419
111,42.91997,3.785785,273.8802,W,-0.3902549,3.696647,-9.129091,2.230026,0.05795562,-0.0975253,-32.88213,2.230263,32.84456
112,-7.986786,4.05644,279.1237,W,-0.4501099,0.9720459,-10.10114,2.49329,-0.05995408,-0.07047935,-28.27198,4.540452,24.18598
113,-13.50858,1.280487,284.5673,W,0.04788403,-0.1867477,-11.61188,2.387771,-0.1971823,-0.1225728,-24.58385,6.388602,17.25913
114,-17.38557,3.219078,291.6747,W,-0.3543419,-0.9169792,-11.88721,2.056425,-0.1561471,-0.07820677,-19.85195,7.889903,12.21518
115,-25.76709,0.4776243,301.3195,NW,0.2298434,-1.66397,-12.56238,1.121674,0.1019219,-0.08486835,-14.11695,8.589808,9.573129
116,-55.77331,0.422624,313.8369,NW,0.248997,-3.392584,-12.58871,0.5585056,0.3741135,-0.09805823,-9.528962,9.149732,7.459488
117,-60.141,2.63519,329.4856,NW,-0.2466028,-3.591303,-12.10987,0.3152253,0.2713922,-0.1793293,-5.522453,9.369883,6.564635
118,-63.07592,3.046247,346.3557,N,-0.344765,-3.816358,-12.33493,-0.158412,-0.07940585,0.03464014,-2.317246,9.546003,5.848752
119,-53.0407,0.5767658,2.286751,N,0.2106898,-3.213019,-12.43309,-0.8684016,-0.2992375,-0.03290813,0.3813648,9.550227,4.679002
120,-34.75513,1.120678,14.89012,N,0.09097966,-2.255338,-12.967,-1.685776,-0.2512742,0.03837061,2.540254,9.553606,3.743201
121,-22.81818,1.629231,17.33244,N,-0.02394202,-1.422156,-12.10987,-2.627854,0.0957933,-0.0459648,3.124575,10.01189,2.397515
122,-13.10489,3.526356,19.09089,N,-0.3830723,0.2082956,-10.91517,-2.969059,0.1095161,-0.009592653,3.592033,10.37851,1.320966
123,49.10164,6.674863,7.790489,N,-0.8619126,4.067749,-8.63828,-3.242317,-0.009992348,-0.0655498,1.47875,10.80848,-1.132394
124,63.01301,4.719457,346.7086,N,-0.5123591,5.492299,-7.326257,-3.278156,-0.1902543,0.1718684,-2.699124,11.42581,-1.502961
125,70.27243,3.749945,322.5317,NW,-0.3543419,7.108385,-5.659893,-3.282953,-0.1195085,0.3037674,-8.629507,11.25908,1.484335
126,73.7362,6.720462,309.7571,NW,-0.7565677,7.726089,-3.052607,-3.271494,-0.05688977,0.5663662,-13.37381,11.1257,3.874173
127,75.81525,1.8101,296.7284,NW,-0.03830723,7.43639,-0.8188169,-3.136798,-0.1541486,0.7664797,-18.71539,9.424473,12.15453
128,78.10728,-2.055728,289.3288,W,0.4884171,7.680599,1.486799,-2.785333,-0.1183094,0.525331,-22.98864,8.063492,18.77881
129,80.06278,-7.054824,281.385,W,1.225831,7.438785,3.287239,-2.334878,-0.1259036,0.5081441,-26.94503,5.425746,32.43687
130,82.22858,-9.352165,276.2837,W,1.699883,7.235278,5.102044,-2.022851,0.09699238,0.4279389,-30.11014,3.315549,43.36333
131,83.96219,-10.44518,270.018,W,1.951274,6.900089,6.100426,-1.929855,0.2423477,0.2538056,-32.13806,0.01009226,56.98036
132,89.60543,-7.608016,263.1785,W,1.714248,6.157887,8.717288,-1.475004,0.3897016,0.3142926,-33.25622,-3.978225,72.15282
133,104.0065,-9.803684,258.1447,W,2.300828,4.517859,10.56801,-0.3998271,0.1468209,0.1021884,-34.15075,-7.168879,84.29078
134,99.02664,-8.564405,253.2545,W,1.747767,4.594473,8.690952,1.231457,-0.4409956,-0.3109618,-34.12692,-10.2681,96.38933
135,84.65631,-10.40918,250.2772,W,1.865083,6.514623,5.961562,2.070947,-0.3212207,-0.6171274,-34.47758,-12.36023,104.1775
136,81.35708,-7.800298,250.0151,W,1.486799,7.668628,4.829105,2.291179,-0.2344871,-0.2629986,-35.83368,-13.03166,106.2288
137,79.34814,-11.32066,249.8199,W,1.956063,8.032547,3.026271,2.510477,-0.05569068,-0.3964963,-36.91856,-13.56881,107.8698
138,77.89504,-9.240032,251.5609,W,1.63524,8.468291,1.541866,2.756156,0.04236755,-0.4537858,-37.95452,-12.65458,103.3116
139,76.65753,-7.530842,252.9109,W,1.316811,8.269572,-0.007182605,2.990643,0.1412252,-0.4176801,-38.78329,-11.92319,99.66509
140,74.46314,-7.429003,256.0735,W,1.285686,7.821857,-2.351106,3.145991,0.22636,-0.6403096,-39.11019,-9.698006,88.78726
141,72.38864,-1.869058,258.6292,W,0.5075707,7.486669,-4.189853,3.109752,0.2284917,-0.732106,-39.37171,-7.917856,80.085
142,70.06504,3.137485,262.5797,W,-0.2633622,7.165846,-5.940014,3.043669,0.04623126,-0.4928226,-37.96757,-4.944775,66.55569
143,65.25514,0.9132806,266.0156,W,0.09816227,5.959168,-7.165846,2.7856,-0.2359526,-0.3883692,-36.84427,-2.566309,55.73224
144,52.61602,1.926694,270.5394,W,-0.06703765,4.316746,-8.315063,2.692605,-0.08779943,-0.5924795,-33.55921,0.3159537,43.19269
145,1.73877,9.668581,275.9376,W,-1.434127,1.628057,-9.878476,2.577759,-0.1358959,-0.3826403,-28.7128,2.986226,32.16597
146,-13.50272,8.69557,281.6541,W,-1.364695,-0.1532289,-10.83376,2.697001,-0.1309664,-0.06741504,-24.83568,5.122443,23.3446
147,-19.59492,5.350876,289.1177,W,-0.7661445,-1.115698,-11.37725,2.553378,-0.06395102,-0.2864473,-19.31396,6.694745,17.48159
148,-32.38617,3.03272,298.0957,NW,-0.3280056,-2.054225,-12.2224,2.295042,0.228092,-0.4476572,-14.89658,7.952586,12.79118
149,-51.47811,4.000528,312.0926,NW,-0.5602432,-3.136404,-12.52886,1.513508,0.680279,-0.1180429,-9.413208,8.503283,11.22802
150,-72.39974,-1.166694,330.6636,NW,0.5985504,-4.46758,-11.96383,0.6452392,0.8666696,0.05129405,-5.026514,8.943839,9.977492
151,-81.78625,-1.021915,354.7856,N,0.557849,-5.3678,-11.37964,-0.03184228,0.6527001,-0.1757321,-0.7777054,8.521803,10.17116
152,-82.02078,-0.3796996,17.75996,N,0.4141969,-5.379771,-11.29345,-0.6773479,-0.001332313,-0.04796327,2.621341,8.184174,10.32609
153,-68.19015,-1.358585,32.30722,NE,0.6129156,-4.043807,-11.51372,-1.196151,-0.3453355,-0.1080506,5.004464,7.914071,10.05201
154,-54.08048,0.0887177,41.91629,NE,0.308852,-3.210624,-11.96622,-1.858443,-0.523066,-0.007727416,6.910963,7.697988,9.832747
155,-31.53783,-0.4275763,42.73404,NE,0.4094085,-1.977611,-11.89679,-2.521136,-0.4568501,0.05315929,7.394206,8.003478,6.771613
156,-0.0986557,4.940854,32.44252,NE,-0.6272808,1.56102,-10.36689,-3.532761,-0.2586019,0.0455651,5.764112,9.067909,3.924677
157,38.3659,7.167586,7.271423,N,-0.9337386,3.342306,-8.825027,-3.667192,-0.2304902,0.1705361,1.30056,10.1928,2.045157
158,61.37506,9.07577,348.4334,N,-1.161188,5.099649,-7.110779,-3.732208,-0.04196786,0.2362191,-2.270282,11.09271,0.5415417
159,69.61014,7.022194,324.2836,NW,-0.8403648,6.708553,-5.568913,-3.772711,-0.02291578,0.6797461,-8.051152,11.19761,3.020429
160,73.17665,8.518192,311.6692,NW,-1.000776,7.424419,-3.359065,-3.762052,0.05569068,0.9831137,-12.67585,11.28154,5.003539
161,76.42185,-3.864753,297.3556,NW,0.6584055,6.98628,-0.2059013,-3.647207,0.3550614,0.8873204,-18.32507,9.480806,14.74965
162,81.39415,-3.043691,284.1447,W,0.617704,6.758832,3.780444,-3.324121,0.3220201,0.8298978,-23.04612,5.807895,30.50714
163,85.23346,-8.767002,276.1064,W,1.623269,6.426037,6.224925,-2.486229,0.1592114,0.2871135,-26.82295,2.869566,43.11315
164,89.6446,-9.161154,267.689,W,1.941698,6.019023,8.355764,-1.283284,0.01518837,0.2464779,-29.4747,-1.189512,59.2679
165,92.94687,-9.26193,262.0067,W,2.082955,5.659893,9.363723,-0.5390538,0.2005131,0.18719,-31.59609,-4.436773,72.19171
166,93.54262,-9.916954,256.6942,W,2.135628,5.456386,9.040505,0.08646711,0.05582391,-0.05235991,-32.92349,-7.786284,84.81943
167,87.02684,-8.084248,253.3449,W,1.685518,6.445191,7.599196,1.336443,-0.436599,-0.2777873,-33.91818,-10.14699,93.32949
168,81.69545,-8.844265,252.1674,W,1.613692,7.395689,4.817134,2.312229,-0.188922,-0.3894351,-35.2181,-11.32941,97.84885
169,79.93941,-10.137,251.2962,W,1.728614,7.673417,3.371036,2.565102,-0.1237719,-0.145755,-36.25803,-12.27535,101.4643
170,78.17998,-11.96564,252.447,W,1.927332,7.869741,1.640028,2.812379,-0.05795562,-0.5333248,-37.52693,-11.87037,98.48579
171,75.90913,-3.263861,253.3229,W,0.7158663,8.506598,-0.9528923,3.176634,0.256337,-0.755155,-38.54205,-11.5464,96.10295
172,73.40538,-2.221547,256.3577,W,0.5554548,7.773973,-3.440468,3.223265,-0.02997704,-0.5149389,-38.71553,-9.396568,85.34051
173,71.93958,-1.362188,258.8236,W,0.4620809,7.740454,-4.951209,3.383809,0.2138362,-0.2410154,-38.85431,-7.676706,76.73055
174,65.17747,-0.8748169,262.5436,W,0.3878607,5.930438,-7.146692,3.422312,0.2487428,-0.1682711,-37.35199,-4.888528,63.07607
175,58.15201,1.660314,265.7948,W,-0.02394202,4.941632,-8.176199,3.097628,0.2859144,-0.07247782,-36.15013,-2.657985,52.15249
176,50.60478,0.8931817,269.3393,W,0.09576806,4.003105,-7.836222,2.851949,-0.1049863,0.2368853,-32.29806,-0.3724163,39.2343
177,16.65016,-2.444222,272.853,W,0.6751649,2.336741,-9.466674,2.548848,-0.2643309,-0.04290048,-29.2164,1.456039,28.89975
178,-14.52397,1.295173,277.1691,W,0.04070143,-0.4668693,-10.51533,2.499419,-0.5358562,-0.02438133,-24.83522,3.123812,20.33359
179,-32.10803,2.323949,283.4197,W,-0.1484405,-1.877054,-10.36689,2.429473,-0.3805086,-0.003330782,-19.44803,4.640263,15.07278
180,-56.88075,3.070578,291.1397,W,-0.3112462,-3.234566,-11.00854,2.164076,-0.1946509,-0.2023783,-15.13828,5.853423,10.86413
181,-71.12981,2.333454,305.0313,NW,-0.1771709,-4.302381,-11.65976,1.623823,0.1608102,-0.1995805,-9.53935,6.687278,9.487368
182,-78.27671,0.3657798,325.4699,NW,0.2681506,-5.133168,-12.32056,0.804717,0.51787,0.07714092,-5.060204,7.354362,8.385956
183,-85.02821,-0.9416763,355.3618,N,0.5841852,-6.066907,-12.1793,-0.1793293,0.579423,0.005995409,-0.6029882,7.432451,9.29596
184,-85.84064,0.7678772,21.56916,N,0.1628057,-5.899313,-10.97023,-0.5874168,0.3754458,-0.1654733,2.962784,7.494923,10.02396
185,-78.79032,-4.908637,37.55123,NE,1.37906,-4.951209,-11.20008,-0.8774613,-0.01825269,-0.1167106,5.34484,6.952651,9.810308
186,-67.16418,-2.787024,48.04163,NE,0.9193734,-3.974375,-11.55202,-1.716952,-0.4524535,0.01079173,7.250485,6.518833,9.639384
187,-51.05153,-1.474262,50.54794,NE,0.6368576,-3.021482,-11.8082,-2.481966,-0.4565836,-0.09006435,8.136384,6.695692,9.005106
188,-21.07044,1.887121,40.93296,NE,-0.07422025,-1.244985,-11.41316,-3.027015,-0.2395499,-0.119242,6.660358,7.679997,5.611963
189,19.3986,5.013336,16.90312,N,-0.6224924,2.5187,-9.871294,-3.900613,0.04063554,0.04876265,2.656175,8.740788,2.499418
190,56.86679,5.145479,356.7343,N,-0.6009446,4.76925,-8.188169,-4.040239,-0.01652068,0.1899878,-0.5471714,9.589421,0.009383202
191,66.21999,3.619199,328.1795,NW,-0.3280056,5.995081,-6.624756,-4.041305,0.1918531,0.4179466,-6.202104,9.994981,1.002582
192,72.89261,7.275727,313.8931,NW,-0.782904,7.041347,-3.268085,-3.783103,0.2208975,0.782201,-10.72605,10.31943,1.797142
193,76.0683,-7.253829,298.3044,NW,1.098939,7.103596,-0.5243302,-3.423378,0.3842391,0.7783372,-16.42912,8.847794,9.79635
194,79.66479,-7.607802,284.439,W,1.201889,7.022193,2.585738,-3.087236,0.4066219,0.6604276,-21.56296,5.552052,23.8578
195,83.08272,-5.30612,276.4796,W,1.000776,6.684611,5.027823,-2.767081,0.3625224,0.07034612,-25.67004,2.915459,35.10696
196,88.43719,-6.218373,268.7047,W,1.355118,6.141128,7.862558,-1.914134,-0.1241716,0.3306801,-28.82126,-0.6516619,51.86788
197,94.32739,-11.28091,263.6185,W,2.583344,5.576096,9.911995,-0.7398334,-0.2133033,0.4034244,-31.34224,-3.505359,65.27661
198,94.05357,-10.40895,257.8798,W,2.327164,5.516241,9.5385,0.2628653,-0.08366926,-0.1057856,-32.78762,-7.041153,78.29228
199,88.47108,-10.43406,254.1012,W,2.193089,6.277597,8.243237,0.8817247,-0.01891884,-0.1520169,-34.01115,-9.687558,87.90875
200,81.8693,-13.80897,252.4042,W,2.348712,7.173028,4.690241,2.311963,-0.1558806,-0.1869235,-35.42693,-11.23521,91.32311
201,79.54613,-8.921467,251.1615,W,1.467646,7.457938,2.801216,2.876863,-0.2562038,-0.4467245,-36.55954,-12.47333,94.05459
202,75.76576,-8.997091,252.5011,W,1.412579,7.558495,-0.8954314,3.443896,-0.1608102,-0.6151289,-37.9362,-11.96043,89.47326
203,72.41123,-5.19917,255.7602,W,0.8714894,6.636727,-3.275268,3.701832,-0.08979789,-0.8420218,-38.06279,-9.659457,76.95201
204,70.71167,-0.3502191,258.422,W,0.2920926,7.175423,-5.3678,3.63908,0.3766449,-0.4139496,-38.16406,-7.818681,66.93502
205,67.53027,-1.997168,260.5787,W,0.5913678,6.603208,-7.010222,3.10349,0.2192987,-0.1668056,-38.24508,-6.34606,58.92143
206,61.2643,2.575974,263.935,W,-0.1867477,5.537788,-8.446744,2.712323,-0.2881793,0.08060493,-35.9907,-3.824011,47.03763
207,46.39293,0.2668293,266.9754,W,0.2202666,3.986346,-9.275137,2.514474,-0.7138533,0.1576126,-34.1872,-1.806371,37.5306
208,33.89801,-2.403486,271.3049,W,0.6895301,3.210624,-9.536105,2.518338,-0.5788899,0.02917765,-30.55966,0.696116,28.03433
209,4.116631,0.2117628,275.5718,W,0.2322376,1.776498,-10.03889,2.654634,-0.3256173,0.112314,-27.65762,2.698106,20.43731
210,-13.57246,3.383043,281.228,W,-0.3399766,-0.2059013,-10.43154,2.763217,-0.1613431,0.06368456,-23.15125,4.595822,14.06117
211,-50.97347,2.084888,288.4555,W,-0.1149217,-2.94008,-11.20965,1.880693,-0.09566007,0.02504748,-17.15974,5.726755,10.25386
212,-70.47053,1.662488,298.2022,NW,-0.03112462,-4.216189,-11.48499,1.444627,0.05995408,-0.1554809,-12.36653,6.631501,7.208014
213,-76.31947,1.807326,315.8917,NW,-0.06224924,-4.714183,-11.33176,0.9696573,0.2066417,-0.1372282,-7.019443,7.241404,6.661979
214,-77.95238,1.883263,340.4692,N,-0.07900865,-4.88896,-11.34133,0.3104289,0.2344871,-0.1766647,-2.741775,7.729326,6.225151
215,-81.27273,1.550283,8.127655,N,-0.007182605,-5.231331,-11.09234,-0.5974092,-0.03264167,0.02757888,1.117307,7.823539,7.567317
216,-80.68643,2.610193,28.02629,NE,-0.2298434,-5.11162,-10.9032,-1.113014,-0.4513876,0.05009497,4.204574,7.898909,8.641049
217,-63.75118,2.458982,36.78739,NE,-0.2011129,-3.751714,-11.63821,-1.527097,-0.6868073,0.04743034,5.968547,7.981984,7.808407
218,-44.87414,4.101038,42.51813,NE,-0.5626374,-2.731784,-12.16254,-2.034175,-0.4316694,0.06048701,7.379725,8.048444,7.142293
219,-22.23859,4.554811,39.42986,NE,-0.6560113,-1.386243,-12.28226,-2.601474,-0.09246252,0.01838592,7.298656,8.876093,6.211372
220,-13.04013,6.288093,26.23757,NE,-0.9816227,0.237026,-11.75792,-3.126939,0.1742665,-0.1092497,4.981832,10.10768,3.575991
221,7.052734,8.51656,15.74922,N,-1.30484,1.968034,-10.44351,-3.454554,0.241948,0.1236386,3.128372,11.09296,1.467685
222,61.02918,5.052096,354.2734,N,-0.5434838,5.068525,-7.189788,-3.535559,0.2439465,0.3819741,-1.177758,11.7445,-0.01994228
223,69.49531,5.333652,327.5656,NW,-0.5506664,6.421249,-5.185841,-3.580724,0.2929756,0.4096862,-7.244356,11.40014,1.576166
224,73.41797,6.927064,312.6008,NW,-0.7158663,7.022193,-2.796427,-3.497588,0.2412819,0.7098564,-12.09763,11.12465,2.853053
225,76.30195,-3.376752,298.0387,NW,0.6200982,7.235278,-0.3303998,-3.204213,-0.1630751,0.7518242,-17.69444,9.423635,10.74059
226,78.74678,-6.656499,289.9838,W,1.13964,7.644686,2.126051,-2.850084,0.1759985,0.7222469,-22.17189,8.062822,17.05061
227,81.26833,-8.701199,280.7996,W,1.522712,7.285556,4.276044,-2.525399,0.307631,0.516138,-26.29163,5.01519,29.66121
228,82.77002,-10.21908,271.8686,W,1.900996,7.235278,5.602432,-1.90161,0.1193752,0.4271395,-29.41936,0.9597864,46.01867
229,87.41099,-12.77846,265.9065,W,2.856283,6.83784,8.882488,-1.322454,-0.03677184,0.402625,-31.92155,-2.284537,59.10463
230,95.08554,-9.706474,260.1417,W,2.331953,5.571307,10.34774,-0.0127902,0.4248746,-0.09006435,-33.58719,-5.836707,73.15567
231,91.68773,-6.812442,256.0433,W,1.458069,5.549759,8.269572,1.11368,0.01478867,-0.2157015,-34.91969,-8.678444,84.39651
232,84.24898,-8.154749,253.3683,W,1.467646,6.50744,5.640739,1.955302,-0.402092,-0.2484764,-36.05293,-10.7696,91.79706
233,79.8817,-9.651384,253.1169,W,1.553837,7.283162,2.983175,3.01196,-0.2386173,-0.4290048,-37.09396,-11.25803,92.54311
234,76.40569,-8.578331,255.1832,W,1.417367,7.955932,-0.28491,3.617896,0.01225728,-0.4444596,-38.09484,-10.07703,85.67687
235,71.24031,-3.247273,256.7869,W,0.794875,7.699753,-5.628768,3.502118,0.836959,-0.3627888,-38.89554,-9.132229,80.18389
236,66.26377,-3.529038,259.6365,W,0.9050082,6.55293,-7.881712,3.122542,0.5313264,-0.07234459,-37.95637,-6.941321,67.72939
237,59.48082,-4.339357,262.0608,W,0.9744401,5.092467,-8.020576,2.799856,0.07754061,0.2440797,-37.20503,-5.188594,57.76578
238,37.40073,-7.165213,264.8108,W,1.577779,3.450045,-9.739613,2.609335,0.03011027,0.260334,-34.41921,-3.125827,44.521
239,20.80132,-7.975633,267.3754,W,1.735796,2.607286,-10.04846,2.526998,-0.0915299,0.3039006,-32.19056,-1.475613,33.92518
240,0.7042542,-5.875718,269.8223,W,1.312023,1.577779,-9.988609,2.449191,-0.3677184,0.373847,-28.08844,-0.08710504,24.15491
241,-12.74719,-2.207321,272.3631,W,0.6655881,0.320823,-10.22085,2.547516,-0.6004735,0.4507215,-24.80675,1.023701,16.3387
242,-16.59963,-3.970596,276.3234,W,1.051055,-0.7852982,-10.91277,2.591882,-0.4873601,0.4483233,-19.92943,2.208472,10.38426
243,-37.17515,-5.594162,281.1406,W,1.367089,-2.176329,-10.74039,2.360459,-0.2664626,0.4280722,-16.02757,3.156288,5.620699
244,-76.93233,-5.754865,290.1653,W,1.556231,-4.754885,-11.2312,1.030411,0.3515974,-0.1983814,-10.72134,3.937319,3.899513
245,-83.30166,-3.690683,306.8426,NW,1.079785,-5.379771,-10.55604,0.2101058,0.2081073,-0.05102758,-5.602462,4.197683,4.71173
246,-85.04078,-3.610196,341.1133,N,1.051055,-5.580884,-10.29986,-0.3136265,-0.1216402,-0.1729342,-1.507356,4.405974,5.361504
247,-80.18863,-2.496281,28.94698,NE,0.8834604,-5.181053,-11.4778,-0.8520142,-0.46138,-0.02464779,2.340123,4.230925,6.577878
248,-74.26188,-3.489346,45.69494,NE,1.173159,-4.745308,-12.52407,-2.017655,-0.6268532,-0.1055192,4.611433,4.500904,6.953931
249,-54.89624,-1.175467,53.7307,NE,0.6105214,-3.335123,-12.54801,-3.077776,-0.4944214,-0.1275023,6.42848,4.716887,7.254773
250,-25.41251,1.205995,40.94646,NE,0.06464344,-1.58975,-11.81299,-3.37275,-0.2979052,-0.06701534,5.092366,5.869165,4.211697
251,-9.079712,3.157144,30.6456,NE,-0.3064578,0.890643,-10.66378,-3.493724,-0.1742665,-0.1124472,4.023476,6.790987,1.777235
252,29.08017,2.686895,3.151268,N,-0.2011129,2.930503,-9.399636,-3.696769,-0.1145789,-0.09939054,0.4458344,8.097917,-0.4688572
253,55.31955,6.189893,345.1972,N,-0.7733272,4.599261,-8.267179,-3.792029,-0.04916235,0.1851915,-2.416279,9.14346,-2.265731
254,67.12049,4.193206,321.3115,NW,-0.4261679,6.272809,-6.615179,-3.943113,0.0110582,0.3120277,-7.663777,9.569876,-0.3199712
255,75.78472,1.269356,300.4761,NW,0.03112462,7.165846,-0.7876924,-4.056893,-0.2135698,1.020685,-14.24819,8.384824,7.903644
256,78.71539,-14.3478,290.8602,W,1.970428,6.739678,1.628057,-3.77804,-0.6004735,0.9300877,-19.51572,7.436782,14.48254
257,84.63429,-18.06341,279.4943,W,2.930503,6.212954,5.410896,-3.034343,-0.4051564,0.6381779,-24.13308,4.036003,29.69641
258,91.04111,-13.0884,268.4963,W,2.44448,5.453991,7.632715,-2.187658,-0.1662726,0.4527199,-27.12113,-0.7119389,49.92762
259,99.06565,-16.1746,261.3107,W,3.25372,4.683059,9.062054,-0.9625961,-0.3240185,0.354795,-29.51157,-4.510292,66.11259
260,107.1684,-20.59601,254.577,W,4.36463,4.094085,9.931149,0.2086402,-0.2286249,-0.1340307,-30.58364,-8.43735,80.7522
261,98.10152,-21.27383,249.7826,W,3.945644,4.563348,8.207323,1.189356,-0.07834,-0.6285852,-31.44129,-11.579,92.46388
262,87.30971,-16.7056,247.6964,W,2.887407,5.880159,6.50744,1.934652,-0.08420218,-1.235987,-32.79964,-13.45451,99.84308
263,81.22998,-8.58453,246.1869,SW,1.482011,7.208941,4.151546,2.596545,0.06608272,-1.327383,-33.88632,-14.95491,105.7464
264,78.00939,-3.037631,247.6451,W,0.6631939,8.176199,1.570596,2.876997,0.08486835,-1.288613,-35.4615,-14.5835,106.1903
265,75.88397,-0.6346292,252.0368,W,0.3351882,8.858546,-1.067814,2.771611,0.2166341,-1.198815,-36.68804,-11.89459,98.8833
266,72.2754,10.93268,257.7424,W,-1.534683,7.910442,-4.802769,2.98185,0.1265697,-0.7213142,-36.45926,-7.92115,85.27612
267,68.58817,11.33168,262.5519,W,-1.630451,6.787562,-6.538565,2.933887,0.3718486,-0.687207,-36.27623,-4.7424,74.39037
268,61.87136,9.620911,268.5761,W,-1.37906,5.494693,-7.975086,2.612,0.3362758,-0.5799558,-34.41563,-0.855447,60.60688
269,27.72099,11.50867,274.5761,W,-1.637634,2.777274,-8.870518,2.251742,-0.0127902,-0.4405959,-30.43989,2.436346,48.38599
270,-1.286293,13.64754,280.5357,W,-2.087744,1.42455,-9.607931,2.252142,-0.04889589,-0.7540892,-27.25931,5.06978,38.60928
271,-11.35923,17.99174,287.7112,W,-3.040636,0.557849,-10.26634,2.393101,-0.09845793,-0.5948777,-22.89982,7.3132,29.59383
272,-14.12785,12.09797,295.1353,NW,-1.996764,-0.3591303,-10.68293,2.345404,0.1293676,-0.4513876,-19.41223,9.107937,22.38147
273,-28.64153,11.99761,304.9907,NW,-2.145205,-1.764527,-11.46104,2.260003,0.2892451,-0.4258072,-14.67269,10.27038,18.00468
274,-44.44494,11.14624,315.8284,NW,-2.140416,-2.722207,-12.31817,1.745863,0.2404825,-0.3210874,-10.88106,11.20033,14.50325
275,-63.15795,8.871128,331.5692,NW,-1.685518,-3.842694,-12.48097,0.9570004,0.3992942,0.004263402,-6.133574,11.32927,13.39374
276,-70.28825,7.52978,348.4537,N,-1.364695,-4.331111,-12.21043,0.07101228,0.331213,-0.006528334,-2.335582,11.43242,12.50613
277,-67.38651,11.06198,5.019211,N,-2.169147,-4.103662,-12.22958,-0.9427446,-0.293775,0.05982085,1.005313,11.4466,11.89554
278,-54.45304,10.09714,13.72873,N,-1.999158,-3.342306,-12.82095,-1.608502,-0.3122941,0.3240185,2.904967,11.89074,10.51151
279,-32.76542,8.972116,19.86558,N,-1.671153,-2.104503,-12.5959,-2.512476,-0.02611333,0.406089,4.42469,12.24606,9.404285
280,-17.79925,9.516115,16.03064,N,-1.673547,-0.9552865,-11.87045,-3.201149,0.1918531,0.43953,3.724614,12.96311,6.030815
281,-10.51545,12.14684,13.15803,N,-1.977611,0.7062895,-10.51294,-3.524634,0.1955836,0.3854382,3.164554,13.53675,3.332038
282,25.40731,11.52518,358.3164,N,-1.716643,2.734178,-9.334992,-3.661196,-0.183193,0.5804887,-0.4093604,13.92732,1.670555
283,56.01629,11.56706,347.0727,N,-1.580173,4.515464,-7.687782,-3.793228,-0.08247017,0.6409757,-3.268492,14.23978,0.3413678
284,68.04986,11.93856,328.936,NW,-1.513135,6.059724,-5.564125,-3.526632,0.1159112,0.9358167,-8.412771,13.96584,1.964723
285,72.68829,2.512054,317.6551,NW,-0.1364695,7.053318,-3.457227,-3.428308,0.1361624,0.9768518,-12.52819,13.74668,3.263407
286,75.41931,0.3310432,303.4765,NW,0.1580173,7.534553,-1.233014,-3.221133,0.1456218,0.9398135,-17.90444,11.84016,11.4669
287,77.53456,-7.251025,294.9159,NW,1.125275,7.252037,0.7996634,-3.141461,0.2093064,0.935417,-22.20544,10.31495,18.02969
288,83.48141,-9.126963,285.0217,W,1.656788,6.828263,5.576096,-2.120509,0.04956204,0.6741504,-26.25125,7.044678,31.04152
289,85.59215,-11.05884,275.0239,W,2.154782,6.667852,6.988675,-1.460748,-0.1095161,0.5367889,-29.38706,2.583376,47.32193
290,86.22478,-16.8508,268.23,W,3.294421,6.619968,7.390901,-0.8614736,-0.2801854,0.5451825,-31.89571,-0.9856646,60.34626
291,92.90598,-20.99779,261.8174,W,4.508282,5.640739,9.299079,-0.2326219,0.04489894,0.1039204,-33.36485,-4.79761,72.95489
292,89.44127,-17.68342,256.8452,W,3.481169,5.947197,8.034941,0.9055731,0.4340676,-0.1883891,-34.84266,-8.143291,83.93737
293,85.14585,-11.30254,253.2827,W,2.066196,6.512228,6.327875,1.570664,0.03210874,-0.5473142,-36.02491,-10.81984,92.72334
294,81.05009,-11.30784,252.2398,W,1.731008,6.751649,3.497929,2.250676,-0.4695071,-0.7771382,-37.40766,-11.98158,95.87132
295,78.64537,-16.87645,251.4673,W,2.978387,8.585608,2.552219,2.842623,-0.3174902,-0.8925165,-38.51386,-12.91098,98.38971
296,76.06515,-7.684095,253.3307,W,1.352724,8.319851,-0.7230489,3.263634,0.5341243,-1.234388,-39.66771,-11.87774,94.03594
297,73.82665,6.20592,254.7699,W,-0.6895301,7.836222,-3.04303,3.223798,0.5928793,-1.084769,-40.59079,-11.05116,90.55292
298,69.9473,8.525547,258.4629,W,-1.098939,6.926425,-5.650316,3.060856,-0.00506279,-0.5664995,-40.18646,-8.203118,79.40787
299,54.98166,6.304424,263.0805,W,-0.7852982,4.5418,-8.202535,3.078442,-0.03397398,-0.3817077,-37.74548,-4.580734,65.21793
300,25.74334,5.425725,268.3839,W,-0.7254431,2.880225,-10.21845,2.774409,-0.2645974,-0.08833235,-33.00294,-0.9311242,50.58222
301,-9.886475,7.966417,273.8947,W,-1.283292,0.8212111,-11.32218,2.401761,-0.1337642,0.05196021,-29.20891,1.988563,38.87366
302,-15.26919,8.400085,280.378,W,-1.357512,-0.6081272,-11.22881,2.423744,-0.003597245,-0.04116848,-24.35867,4.460986,28.90976
303,-35.62949,7.286973,288.7837,W,-1.156399,-2.145205,-11.24078,2.089067,0.09805823,-0.03503983,-18.7979,6.393368,21.33667
304,-55.28581,5.058974,298.9552,NW,-0.7469909,-3.232172,-11.62624,1.460348,0.0544916,0.008660034,-14.34929,7.939273,15.2782
305,-71.21555,4.887233,313.6321,NW,-0.7230489,-4.280833,-11.50653,0.7560876,-0.01638745,-0.2717918,-8.908152,8.492632,13.21764
306,-76.4608,7.741086,332.9874,NW,-1.338359,-4.726154,-11.32457,0.1971823,-0.1033875,-0.1432236,-4.555245,8.935318,11.56919
307,-77.11613,8.103565,354.6073,N,-1.472434,-4.88896,-11.77708,-0.1934518,-0.1606769,-0.09326191,-0.9048626,9.585592,10.74796
308,-68.40876,7.429104,11.27875,N,-1.367089,-4.230555,-12.50491,-0.7883296,-0.004796327,0.2343538,2.015444,10.10581,10.09098
309,-67.64939,6.91981,21.19002,N,-1.309628,-4.280833,-13.16811,-1.866304,0.2837827,0.2864473,3.981962,10.27142,8.470817
310,-22.69315,6.928288,17.2681,N,-1.158794,-1.412579,-12.15057,-3.545151,0.2346203,0.140559,3.404044,10.9506,5.184531
311,-13.3111,6.510797,14.35588,N,-0.9337386,0.04548983,-10.68532,-3.953106,0.1887887,0.2987046,2.941709,11.49394,2.555503
312,15.25735,3.085214,355.7405,N,-0.2585738,2.236184,-9.174581,-4.049565,0.04636449,0.1064518,-0.8901394,11.95139,1.34785
313,59.49096,9.725597,342.196,N,-1.16837,4.635174,-6.641516,-4.110053,0.09219605,0.1341639,-3.955618,12.31736,0.3817272
314,68.29894,7.444616,321.2639,NW,-0.830788,5.999869,-5.29358,-3.988013,-0.08020524,0.6199253,-9.567478,11.92676,3.191101
315,73.26002,3.699433,309.5645,NW,-0.2920926,7.065289,-2.96881,-3.888622,-0.2499419,0.8910509,-14.05697,11.61428,5.4386
316,75.86545,-6.315768,296.1461,NW,0.9959879,7.204153,-0.7230489,-3.780038,-0.1055192,1.09676,-19.5308,9.587553,15.79425
317,79.99243,-6.029753,288.4268,W,0.9768343,6.849811,2.72939,-3.705829,-0.08353602,0.8063158,-23.90987,7.966168,24.07877
318,83.66103,-9.25399,278.7351,W,1.539472,6.373365,4.987122,-3.180631,-0.3539955,0.5971427,-27.24506,4.186165,40.55764
319,87.28442,-12.37964,272.2249,W,2.336741,6.172252,7.149086,-2.204978,-0.2602007,0.347334,-29.91322,1.162163,53.74074
320,92.78215,-12.79225,264.9905,W,2.796427,5.691018,9.370906,-0.8476175,0.01878561,0.08633388,-30.97218,-2.714886,70.25767
321,88.49139,-14.23948,258.9104,W,2.851494,6.177041,7.999028,0.4693738,-0.2547382,-0.1877229,-31.65128,-6.203765,84.16778
322,87.06628,-15.37065,254.3901,W,2.964022,6.351817,7.414843,0.9219606,0.005329252,-0.4675086,-32.19457,-8.994869,95.29586
323,84.48701,-14.16344,251.7571,W,2.722207,6.991069,6.720524,1.932387,0.1510843,-0.489625,-33.23421,-10.95441,102.4072
324,81.72082,-6.101994,251.6178,W,1.165976,7.31668,4.738125,2.804785,0.1841257,-0.507478,-34.93982,-11.61088,102.9218
325,78.65869,-8.058239,251.5159,W,1.39582,7.972692,2.214637,3.106687,-0.03623891,-0.8516144,-36.30431,-12.13606,103.3336
326,74.92592,-10.05628,254.1678,W,1.570596,7.479486,-1.697489,3.477603,0.3482666,-0.933152,-37.53034,-10.64278,96.69744
327,73.00275,2.956282,256.2156,W,-0.2082956,7.477092,-3.576937,3.461349,0.6777476,-1.021218,-38.51117,-9.448158,91.38852
328,69.46,8.428667,260.239,W,-1.098939,6.852205,-5.935226,3.360093,0.4716388,-0.2411486,-37.58165,-6.465141,77.68816
329,62.97597,0.9053889,263.6819,W,0.1005565,5.583278,-7.592013,2.922961,-0.1135131,-0.1962497,-36.83803,-4.078728,66.72788
330,45.44417,3.352445,268.1555,W,-0.3064578,3.804387,-8.772355,2.789197,-0.2550047,-0.3950308,-34.12561,-1.098991,52.68575
331,7.243866,6.788055,273.2798,W,-0.8379706,1.826776,-8.896853,2.894583,-0.2949741,-0.4210109,-29.9726,1.717597,39.56141
332,-17.59177,10.27904,280.3984,W,-1.723825,-0.902614,-11.1474,2.929756,-0.4681747,-0.410086,-23.62516,4.335329,31.05208
333,-38.76607,6.935376,289.1192,W,-1.144428,-2.37026,-11.82975,2.075344,-0.3240185,-0.42221,-18.54721,6.429515,24.24462
334,-71.2537,7.806518,302.2837,NW,-1.400608,-4.362236,-11.9351,1.112615,0.0395697,-0.3483999,-12.46816,7.877075,21.58486
335,-79.40159,8.545443,321.4589,NW,-1.505953,-5.00867,-11.14022,0.5180033,-0.00612864,-0.1460215,-6.798246,8.533988,19.65607
336,-80.46452,10.64629,345.979,N,-2.063802,-5.267244,-11.71244,-0.3112283,-0.08020524,0.07700768,-2.262315,9.059519,18.11304
337,-78.21,10.23479,8.695343,N,-1.934515,-4.970363,-11.59512,-0.9911076,-0.1754656,0.2311563,1.467265,9.593838,17.57516
338,-74.32208,11.46742,23.94827,NE,-2.15957,-4.539406,-11.44189,-1.564002,-0.2483431,0.4389971,4.45093,10.02129,17.14486
339,-56.45017,10.5901,29.19377,NE,-1.802834,-3.181894,-10.83137,-1.931587,-0.07114551,0.4848287,5.930351,10.61383,14.71097
340,-34.81819,11.91782,32.68396,NE,-1.908179,-1.999158,-10.20169,-2.213505,0.1774641,0.3345438,7.113889,11.08785,12.76385
341,-15.79091,13.80299,27.03558,NE,-2.11408,-0.6272808,-9.68694,-2.226828,0.1953171,0.4392636,6.212088,12.17321,9.514528
342,-10.51453,12.21591,22.83174,NE,-1.774103,0.6679823,-9.366117,-2.125306,0.2013125,0.5342575,5.490648,13.04151,6.91507
343,38.94019,10.54641,11.98393,N,-1.414973,3.270479,-8.281544,-1.952105,0.1696034,0.320288,2.964031,13.96393,4.238457
344,52.10887,9.310843,355.8694,N,-1.25935,4.22816,-8.171411,-1.588916,0.1032542,0.2779205,-1.04034,14.40574,2.79372
345,60.36311,7.695149,343.958,N,-1.007959,5.149928,-7.757214,-1.170437,0.2184993,0.2566035,-4.243836,14.75919,1.637929
346,64.22729,5.973522,332.4749,NW,-0.7445967,5.851429,-7.551312,-0.8661366,0.3581257,0.336942,-7.814977,14.99639,1.111329
347,65.5524,1.422457,324.9028,NW,0.01675941,6.363788,-7.953538,-0.6933356,0.3976954,0.2510078,-10.67189,15.18615,0.6900482
348,68.32463,0.6324502,316.5416,NW,0.1556231,7.024588,-7.232883,-0.614596,0.9242254,0.06221901,-13.86493,14.63182,1.248591
349,67.90085,1.302694,310.831,NW,0.03591302,6.691794,-6.902483,-0.2218301,1.09223,0.1518837,-16.41936,14.18835,1.695426
350,68.68198,1.857254,305.3709,NW,-0.05027823,6.327875,-5.614403,0.6882729,0.5154719,0.2105054,-18.39568,13.0591,1.455847
351,68.15786,-0.6406531,301.3202,NW,0.3303998,6.356606,-6.042965,1.246778,-0.5445163,0.1593446,-19.97674,12.15569,1.264184
352,66.52687,-2.829584,299.6139,NW,0.7206547,6.296751,-7.089231,0.9647278,-1.041469,0.1243048,-20.43491,11.6152,0.513809
353,62.64283,-3.116278,298.2623,NW,0.7924808,5.65271,-7.979874,0.4657766,-0.5148057,-0.4860278,-20.80145,11.1828,-0.08649069
354,52.35359,3.810413,299.7097,NW,-0.3830723,4.343082,-8.520964,0.6133969,-0.09166313,-0.3088301,-20.38884,11.63415,-1.4623
355,50.06093,8.742658,301.7678,NW,-1.254562,4.225766,-8.947132,0.4501886,-0.4520538,-0.1604105,-19.55458,12.10912,-3.458515
356,47.56792,6.727432,303.4746,NW,-0.9911995,4.240131,-10.00776,0.2796525,-0.1898546,-0.2586019,-18.88717,12.48909,-5.055487
357,41.55626,4.899433,305.8618,NW,-0.6368576,3.787627,-10.08677,0.1789296,0.4829635,-0.03917,-17.94991,12.97531,-5.337988
358,30.05687,7.287285,308.6451,NW,-1.055843,3.071761,-9.986216,0.1184426,0.6137966,-0.1542818,-16.6287,13.29594,-5.663498
359,34.56652,6.862268,311.0338,NW,-1.039083,3.41892,-10.56561,0.09526038,0.2773876,0.03943646,-15.57173,13.55244,-5.923906
360,36.76508,4.43692,312.1561,NW,-0.5674258,3.550601,-10.54167,-0.08953143,0.3622559,0.1225728,-14.79338,13.39319,-6.132233
361,40.72229,1.878641,313.1109,NW,-0.06703765,3.70383,-9.945514,-0.2617995,0.6468379,0.2240951,-14.1707,13.26578,-6.298893
362,43.77875,-2.92877,312.3297,NW,0.7900866,3.816358,-9.41879,-0.3226862,1.07491,0.2848485,-14.17673,12.91329,-7.128775
363,48.58889,-4.813929,309.5477,NW,1.132457,4.177882,-9.313444,-0.3125607,0.9515379,0.2520736,-14.24878,11.7657,-7.394649
364,50.96185,-10.14252,307.1707,NW,2.149993,4.424485,-9.433155,-0.1184426,0.498285,0.3498654,-14.30642,10.84763,-7.607347
365,48.91847,-13.38281,302.8223,NW,2.624045,4.122815,-8.959103,0.06115317,-0.301236,0.07101228,-14.65503,9.452585,-7.877015
366,46.28097,-12.89202,300.9288,NW,2.530671,3.921702,-9.035717,0.05569068,-0.2576693,-0.1029878,-14.5978,8.746569,-9.485856
367,45.94727,-9.555313,299.3465,NW,1.936909,3.909731,-9.093178,0.10885,-0.2240951,-0.1461547,-14.55202,8.181755,-10.77293
368,43.44567,-8.090797,298.0217,NW,1.675941,3.739743,-9.167398,0.1561471,-0.2002466,-0.1251042,-14.48179,7.707126,-10.708
369,41.54346,-6.11307,297.8158,NW,1.35033,3.653552,-9.394848,0.03983616,-0.1557474,-0.08460187,-14.49282,7.646327,-10.65606
370,42.50041,-5.19897,297.6509,NW,1.223437,3.775656,-9.679757,-0.001598776,-0.1429572,-0.02424809,-14.50165,7.597688,-10.61451
371,41.13277,-4.814081,298.5011,NW,1.154005,3.689465,-9.725247,-0.01851915,0.01891884,-0.07274428,-14.1726,7.695449,-10.58127
372,40.21158,-5.654327,299.1999,NW,1.283292,3.593697,-9.545682,-0.08033847,0.05009497,0.006794796,-13.90936,7.773659,-10.55468
373,40.94512,-6.659738,299.8155,NW,1.467646,3.641581,-9.543288,-0.1159112,0.04516541,0.01292344,-13.83321,7.927341,-11.32946
374,43.61139,-7.263826,300.3075,NW,1.568202,3.801992,-9.414001,-0.08913174,0.1390935,-0.02837827,-13.77229,8.050287,-11.94929
375,45.37513,-6.134811,300.205,NW,1.328782,3.86903,-9.102755,-0.0975253,0.05968762,-0.008660034,-13.95884,8.125865,-11.7486
